participant_id,age,sleep_hours,stress_score,wellbeing_score,exercise_days_per_week,work_study_hours
P001,24,7.2,6,72,3,38
P002,31,6.5,7,65,2,42
P003,27,8.1,4,81,4,35
P004,39,5.8,8,58,1,48
P005,22,7.5,5,76,5,32
P006,45,6.2,7,62,2,45
P007,29,7.9,3,84,4,36
P008,34,6.8,6,69,3,40
P009,26,,5,74,2,37
P010,52,5.5,9,51,1,50
P011,41,7.0,5,71,3,44
P012,30,8.3,2,88,5,34
P013,37,6.1,8,57,1,47
P014,25,7.4,4,79,4,36
P015,48,6.6,7,63,2,46
P016,33,7.7,3,82,3,39
P017,28,6.9,6,68,2,41
P018,55,5.9,8,55,1,49
P019,36,7.8,4,80,4,38
P020,43,6.4,7,61,2,45
